{
  "swagger": "2.0",
  "info": {
    "version": "1.0.0",
    "title": "Utility Bill Reminder App API",
    "description": "Node.js and Express.js Application API",
    "license": {
      "name": "Utility Bill Reminder App"
    }
  },
  "tags": [
    {
      "name": "User",
      "description": "API for add users in the system"
    },
    {
      "name": "User login",
      "description": "API for login user in the app"
    },
    {
      "name": "Service category",
      "description": "API for service category and tags in the app"
    }
  ],
  "consumes": ["application/json"],
  "produces": ["application/json"],

  "securityDefinitions": {
    "jwt": {
      "description": "JWT token format : Bearer [JWT token] ",
      "type": "apiKey",
      "in": "header",
      "name": "Authorization"
    }
  },
  "security": [
    {
      "jwt": []
    }
  ],
  "paths": {
    "/users": {
      "post": {
        "tags": ["User"],
        "description": "Create new user in system",
        "parameters": [
          {
            "name": "user",
            "in": "body",
            "description": "User that we want to create",
            "schema": {
              "$ref": "#/definitions/User"
            }
          }
        ],
        "produces": ["application/json"],
        "responses": {
          "200": {
            "description": "New user is created",
            "schema": {
              "$ref": "#/definitions/User"
            }
          }
        }
      }
    },
    "/users/emailVerification": {
      "post": {
        "tags": ["User"],
        "description": "Verify new user in system",
        "parameters": [
          {
            "name": "user",
            "in": "body",
            "description": "User that we want to verify",
            "schema": {
              "allOf": [
                {
                  "type": "object",
                  "properties": {
                    "email": {
                      "type": "string"
                    },
                    "otp": {
                      "type": "number"
                    }
                  }
                }
              ]
            }
          }
        ],
        "produces": ["application/json"],
        "responses": {
          "200": {
            "description": "Verified User"
          }
        }
      }
    },
    "/users/profile": {
      "get": {
        "tags": ["User"],
        "produces": ["application/json"],
        "responses": {
          "200": {
            "description": "Get user profile details",
            "schema": {
              "allOf": [
                {
                  "type": "object",
                  "properties": {
                    "_id": {
                      "type": "string"
                    },
                    "name": {
                      "type": "string"
                    },
                    "email": {
                      "type": "string"
                    },
                    "profilePicture": {
                      "type": "string"
                    }
                  }
                }
              ]
            }
          }
        }
      },
      "post": {
        "tags": ["User"],
        "description": "Update user profile",
        "parameters": [
          {
            "name": "user",
            "in": "body",
            "description": "Profile details that we want to update",
            "schema": {
              "allOf": [
                {
                  "$ref": "#/definitions/User"
                },
                {
                  "type": "object",
                  "properties": {
                    "_id": {
                      "type": "string"
                    }
                  }
                }
              ]
            }
          }
        ],
        "produces": ["application/json"],
        "responses": {
          "200": {
            "description": "Update user details",
            "schema": {
              "allOf": [
                {
                  "type": "object",
                  "properties": {
                    "_id": {
                      "type": "string"
                    },
                    "name": {
                      "type": "string"
                    },
                    "email": {
                      "type": "string"
                    },
                    "profilePicture": {
                      "type": "string"
                    }
                  }
                }
              ]
            }
          }
        }
      }
    },
    "/login": {
      "post": {
        "tags": ["User login"],
        "description": "Normal log in for user",
        "parameters": [
          {
            "name": "user",
            "in": "body",
            "description": "User that we want to login",
            "schema": {
              "$ref": "#/definitions/Login"
            }
          }
        ],
        "produces": ["application/json"],
        "responses": {
          "200": {
            "description": "User log in response",
            "schema": {
              "$ref": "#/definitions/Login"
            }
          }
        }
      }
    },
    "/socialLogin": {
      "post": {
        "tags": ["User login"],
        "description": "User social login into system",
        "parameters": [
          {
            "name": "user",
            "in": "body",
            "description": "User that we want to social login",
            "schema": {
              "$ref": "#/definitions/SocialLogin"
            }
          }
        ],
        "produces": ["application/json"],
        "responses": {
          "200": {
            "description": "User social login response",
            "schema": {
              "$ref": "#/definitions/SocialLogin"
            }
          }
        }
      }
    },
    "/forgotPassword": {
      "post": {
        "tags": ["User login"],
        "description": "Forgot Password",
        "parameters": [
          {
            "name": "user",
            "in": "body",
            "description": "Forgot Password",
            "schema": {
              "allOf": [
                {
                  "type": "object",
                  "properties": {
                    "email": {
                      "type": "string"
                    }
                  }
                }
              ]
            }
          }
        ],
        "produces": ["application/json"],
        "responses": {
          "200": {
            "description": "Forgot Password"
          }
        }
      }
    },
    "/resetPassword": {
      "post": {
        "tags": ["User login"],
        "description": "Reset Password",
        "parameters": [
          {
            "name": "user",
            "in": "body",
            "description": "Reset Password",
            "schema": {
              "allOf": [
                {
                  "type": "object",
                  "properties": {
                    "email": {
                      "type": "string"
                    },
                    "password": {
                      "type": "string"
                    },
                    "otp": {
                      "type": "number"
                    }
                  }
                }
              ]
            }
          }
        ],
        "produces": ["application/json"],
        "responses": {
          "200": {
            "description": "Reset Password"
          }
        }
      }
    },
    "/changePassword": {      
      "post": {
        "tags": ["User login"],
        "description": "Change user password",
        "parameters": [
          {
            "name": "user",
            "in": "body",
            "description": "Change user password",
            "schema": {
              "allOf": [
                {
                  "type": "object",
                  "required":["oldPassword", "newPassword"],
                  "properties": {
                    "oldPassword": {
                      "type": "string"
                    },
                    "newPassword": {
                      "type": "string"
                    }
                  }
                }
              ]
            }
          }
        ],
        "produces": ["application/json"],
        "responses": {
          "200": {
            "description": "Change password response",
            "schema": {
              "allOf": [
                {
                  "$ref": "#/definitions/User"
                },
                {
                  "type": "object",
                  "properties": {
                    "_id": {
                      "type": "string"
                    }
                  }
                }
              ]
            }
          }
        }
      }
    },
    "/serviceCategory": {
      "post": {
        "tags": ["Service category"],
        "description": "Create new Service category in system",
        "parameters": [
          {
            "name": "Service category",
            "in": "body",
            "description": "Service category that we want to create",
            "schema": {
              "$ref": "#/definitions/serviceCategory"
            }
          }
        ],
        "produces": ["application/json"],
        "responses": {
          "200": {
            "description": "New Service category is created",
            "schema": {
              "$ref": "#/definitions/serviceCategory"
            }
          }
        }
      },
      "get": {
        "tags": ["Service category"],
        "summary": "Get all category",
        "responses": {
          "200": {
            "description": "Tree structured JSON formatted response for category"
          }
        }
      }
    },
    "/serviceCategory/{categoryId}": {
      "parameters": [
        {
          "name": "categoryId",
          "in": "path",
          "required": true,
          "description": "ID of categoryId that we want to find",
          "type": "string"
        }
      ],

      "delete": {
        "summary": "Delete category with given ID",
        "tags": ["Service category"],
        "responses": {
          "200": {
            "description": "category is deleted"
          }
        }
      },

      "put": {
        "summary": "Update category with give ID",
        "tags": ["Service category"],
        "parameters": [
          {
            "name": "exhibit Category",
            "in": "body",
            "description": "New values of properties that need to be update for service category",
            "schema": {
              "$ref": "#/definitions/serviceCategory"
            }
          }
        ],
        "responses": {
          "200": {
            "description": "Service category is updated",
            "schema": {
              "$ref": "#/definitions/serviceCategory"
            }
          }
        }
      }
    },
    "/serviceCategory/{userId}": {
      "parameters": [
        {
          "name": "clientId",
          "in": "path",
          "required": true,
          "description": "ID of user that we want to find category of that perticuler user",
          "type": "string"
        }
      ],

      "get": {
        "tags": ["Service category"],
        "summary": "Get perticuler category by user ID",
        "responses": {
          "200": {
            "description": "Tree structured JSON formatted response for category"
          }
        }
      }
    },
    "/serviceCategory/addServiceSubCategory": {
      "post": {
        "tags": ["Service category"],
        "description": "Create new service sub category in system",
        "parameters": [
          {
            "name": "exhibit Category",
            "in": "body",
            "description": "Service sub category that we want to create",
            "schema": {
              "$ref": "#/definitions/ServiceSubCategory"
            }
          }
        ],
        "produces": ["application/json"],
        "responses": {
          "200": {
            "description": "New Service Sub Category Sub Category is created",
            "schema": {
              "$ref": "#/definitions/ServiceSubCategory"
            }
          }
        }
      }
    },
    "/serviceCategory/updateServiceSubCategory/{sub_category_id}": {
      "put": {
        "summary": "Update sub category with give ID",
        "tags": ["Service category"],
        "parameters": [
          {
            "name": "user",
            "in": "body",
            "description": "New values of properties that need to be update for service sub Category",
            "schema": {
              "$ref": "#/definitions/ServiceSubCategory"
            }
          }
        ],
        "responses": {
          "200": {
            "description": "sub category is updated",
            "schema": {
              "$ref": "#/definitions/ServiceSubCategory"
            }
          }
        }
      }
    },
    "/serviceCategory/deleteServiceSubCategory/{sub_category_id}": {
      "delete": {
        "summary": "Delete sub Category with given ID",
        "tags": ["Service category"],
        "responses": {
          "200": {
            "description": "sub Category is deleted"
          }
        }
      }
    },
    "/serviceCategory/getServiceSubCategory/{category_id}": {
      "get": {
        "tags": ["Service category"],
        "parameters": [
          {
            "name": "clientId",
            "in": "path",
            "required": false,
            "description": "Keyword to search sub categories of perticuler category",
            "type": "string",
            "schema": {
              "$ref": "#/definitions/serviceCategory"
            }
          }
        ],
        "summary": "Get client specific category in system",
        "responses": {
          "200": {
            "description": "OK",
            "schema": {
              "$ref": "#/definitions/serviceCategory"
            }
          }
        }
      }
    },
    "/expense": {
      "post": {
        "tags": ["Expense"],
        "description": "Add new expence in system",
        "parameters": [
          {
            "name": "expense",
            "in": "body",
            "description": "expense that we want to create",
            "schema": {
              "$ref": "#/definitions/Expense"
            }
          }
        ],
        "produces": ["application/json"],
        "responses": {
          "200": {
            "description": "New expense is created",
            "schema": {
              "$ref": "#/definitions/Expense"
            }
          }
        }
      },
      "get": {
        "tags": ["Expense"],
        "summary": "Get all expenses",
        "responses": {
          "200": {
            "description": "Tree structured JSON formatted response for expense"
          }
        }
      }
    },
    "/expense/{expenseId}": {
      "parameters": [
        {
          "name": "expenseId",
          "in": "path",
          "required": true,
          "description": "ID of expenseId that we want to find",
          "type": "string"
        }
      ],
      "get": {
        "tags": ["Expense"],
        "summary": "Get perticuler expenses with id.",
        "responses": {
          "200": {
            "description": "Tree structured JSON formatted response for expense"
          }
        }
      },
      "delete": {
        "summary": "Delete expense with given id.",
        "tags": ["Expense"],
        "responses": {
          "200": {
            "description": "expense is deleted"
          }
        }
      },

      "put": {
        "summary": "Update expense with give id.",
        "tags": ["Expense"],
        "parameters": [
          {
            "name": "expense",
            "in": "body",
            "description": "New values of properties that need to be update for expense",
            "schema": {
              "$ref": "#/definitions/Expense"
            }
          }
        ],
        "responses": {
          "200": {
            "description": "expenseId is updated",
            "schema": {
              "$ref": "#/definitions/Expense"
            }
          }
        }
      }
    },
    "/expense/remainPayments/{range}": {
      "parameters": [
        {
          "name": "range",
          "in": "path",
          "required": true,
          "description": "Range can be any of this values 'all', 'week', 'month', 'year' ",
          "type": "string"
        }
      ],

      "get": {
        "tags": ["Expense"],
        "summary": "Get users remain payments.",
        "responses": {
          "200": {
            "description": "Tree structured JSON formatted response for expense"
          }
        }
      }
    },
    "/payment": {
      "post": {
        "tags": ["Payment"],
        "description": "Add payment in system",
        "parameters": [
          {
            "name": "payment",
            "in": "body",
            "description": "payment that we want to create",
            "schema": {
              "$ref": "#/definitions/Payment"
            }
          }
        ],
        "produces": ["application/json"],
        "responses": {
          "200": {
            "description": "New payment is created",
            "schema": {
              "$ref": "#/definitions/Payment"
            }
          }
        }
      }
    },
    "/payment/{duration}": {
      "parameters": [
        {
          "name": "duration",
          "in": "path",
          "required": true,
          "description": "Duration can be any of this values 'all', 'week', 'month', 'quarter' ",
          "type": "string"
        }
      ],
      "get": {
        "tags": ["Payment"],
        "summary": "Get users resently compalted payments",
        "responses": {
          "200": {
            "description": "Tree structured JSON formatted response for payment"
          }
        }
      }
    }
  },
  "definitions": {
    "User": {
      "required": ["name", "email", "profilePicture", "password"],
      "properties": {
        "name": {
          "type": "string"
        },
        "email": {
          "type": "string"
        },
        "password": {
          "type": "string"
        },
        "profilePicture": {
          "type": "string"
        }
      }
    },
    "Login": {
      "required": ["email", "password"],
      "properties": {
        "email": {
          "type": "string"
        },
        "password": {
          "type": "string"
        },
        "deviceOsVersion": {
          "type": "string"
        },
        "deviceOsName": {
          "type": "string"
        },
        "brandName": {
          "type": "string"
        },
        "applicationBuildNumber": {
          "type": "string"
        },
        "deviceId": {
          "type": "string"
        },
        "deviceType": {
          "type": "string"
        },
        "deviceName": {
          "type": "string"
        },
        "deviceToken": {
          "type": "string"
        },
        "deviceManufacture": {
          "type": "string"
        }
      }
    },
    "SocialLogin": {
      "required": ["email", "name"],
      "properties": {
        "facebookId": {
          "type": "string",
          "description": "Pass facebook id while login with facebook."
        },
        "googleId": {
          "type": "string",
          "description": "Pass google id while login with google."
        },
        "name": {
          "type": "string"
        },
        "email": {
          "type": "string"
        },
        "profilePicture": {
          "type": "string"
        },
        "deviceOsVersion": {
          "type": "string"
        },
        "deviceOsName": {
          "type": "string"
        },
        "brandName": {
          "type": "string"
        },
        "applicationBuildNumber": {
          "type": "string"
        },
        "deviceId": {
          "type": "string"
        },
        "deviceType": {
          "type": "string"
        },
        "deviceName": {
          "type": "string"
        },
        "deviceToken": {
          "type": "string"
        },
        "deviceManufacture": {
          "type": "string"
        }
      }
    },
    "serviceCategory": {
      "required": ["name", "icon"],
      "properties": {
        "name": {
          "type": "string"
        },
        "icon": {
          "type": "string"
        }
      }
    },
    "ServiceSubCategory": {
      "required": ["name", "icon", "parentId"],
      "properties": {
        "name": {
          "type": "string"
        },
        "icon": {
          "type": "string"
        },
        "parentId": {
          "type": "string"
        }
      }
    },

    "Expense": {
      "required": ["type", "category", "subCategory", "date", "amount"],
      "properties": {
        "type": {
          "type": "string"
        },
        "category": {
          "type": "string"
        },
        "subCategory": {
          "type": "string"
        },
        "date": {
          "type": "string",
          "format": "date"
        },
        "remindBefore": {
          "type": "number"
        },
        "recurringConfig": {
          "type": "object",
          "properties": {
            "repeatEvery": {
              "type": "object",
              "required": ["unit", "duration"],
              "properties": {
                "unit": {
                  "type": "number"
                },
                "duration": {
                  "type": "string",
                  "description": "It should day,week,month or year"
                }
              }
            },
            "ends": {
              "type": "object",
              "required": ["type", "on"],
              "properties": {
                "type": {
                  "type": "string",
                  "description": "It should be none,date or occurence"
                },
                "on": {
                  "type": "number",
                  "description": "It should be depand on type, if type is none then pass 'never' as a string and if type is date the pass end date as a date, and if type is 'occurence' then pass occurence as a number."
                }
              }
            }
          }
        },
        "amount": {
          "type": "number"
        },
        "notes": {
          "type": "string"
        },
        "photo": {
          "type": "string",
          "description": "send base64 url in photo."
        }
      }
    },
    "Payment": {
      "required": ["expense", "date", "status"],
      "properties": {
        "expense": {
          "type": "string",
          "description": "Object id of expense."
        },
        "date": {
          "type": "string",
          "format": "date"
        },
        "status": {
          "type": "string",
          "description": "It should be either expire or paid"
        },
        "amount": {
          "type": "number"
        }
      }
    }
  }
}
